,timestamp,counter,device_id,distance,rssi,snr,sf,frequency,airtime,energy,length,temperature,rh,bp,pm2_5,pm10,log_distance
244197,2021-11-04,66749,EN1,2140.0,-73,0.2,9,905300000,0.267264,1.369,208,20.5,80.0,849.5,9.0,10.0,3.330413773349191
251493,2021-11-05,69888,EN1,2140.0,-73,5.2,8,904300000,0.287232,1.383,624,23.9,62.4,851.7,26.0,28.0,3.330413773349191
264672,2021-11-06,76321,EN1,2140.0,-72,8.5,8,903900000,0.338432,1.401,808,31.7,35.0,849.3,82.0,84.0,3.330413773349191
277490,2021-11-07,81316,EN1,2140.0,-73,10.0,9,904900000,0.246784,1.368,144,23.8,67.3,852.4,9.0,10.0,3.330413773349191
295046,2021-11-08,87795,EN1,2140.0,-71,10.0,9,904100000,0.205824,1.441,72,27.7,51.0,849.4,37.0,39.0,3.330413773349191
302398,2021-11-09,90571,EN1,2140.0,-69,6.2,7,903900000,0.327936,1.385,1560,18.0,93.7,851.2,0.0,1.0,3.330413773349191
319927,2021-11-10,98577,EN1,2140.0,-68,6.8,10,904500000,0.370688,1.453,72,27.0,49.3,850.8,19.0,20.0,3.330413773349191
329424,2021-11-11,102095,EN1,2140.0,-71,8.0,8,905300000,0.225792,1.318,440,18.1,90.8,850.5,0.0,1.0,3.330413773349191
345977,2021-11-12,110004,EN1,2140.0,-71,6.2,10,904300000,0.370688,1.441,80,26.5,47.4,850.9,4.0,5.0,3.330413773349191
354746,2021-11-13,113201,EN1,2140.0,-67,8.0,7,904900000,0.194816,1.314,816,20.3,82.2,849.7,43.0,45.0,3.330413773349191
378350,2021-11-14,121753,EN1,2140.0,-71,9.0,8,904500000,0.338432,1.388,808,25.5,53.6,848.4,7.0,8.0,3.330413773349191
385969,2021-11-15,124582,EN1,2140.0,-69,9.0,8,904700000,0.164352,1.307,256,19.8,90.6,849.5,11.0,12.0,3.330413773349191
396103,2021-11-16,131039,EN1,2140.0,-67,8.8,8,905100000,0.225792,1.326,440,18.0,93.3,848.3,3.0,4.0,3.330413773349191
412190,2021-11-17,140302,EN1,2140.0,-71,8.2,8,904100000,0.164352,1.334,256,21.8,76.4,848.5,38.0,40.0,3.330413773349191
420769,2021-11-18,143485,EN1,2140.0,-69,9.0,10,904900000,0.370688,1.441,80,23.5,59.9,851.6,20.0,21.0,3.330413773349191
436783,2021-11-19,149255,EN1,2140.0,-71,6.0,8,904300000,0.225792,1.348,440,23.9,52.3,851.9,6.0,7.0,3.330413773349191
450653,2021-11-20,154249,EN1,2140.0,-71,7.0,8,903900000,0.338432,1.379,808,18.8,90.4,849.7,11.0,12.0,3.330413773349191
474775,2021-11-21,163424,EN1,2140.0,-73,7.2,9,903900000,0.390144,1.412,424,20.1,90.3,850.7,12.0,13.0,3.330413773349191
490075,2021-11-22,168864,EN1,2140.0,-73,7.8,8,905100000,0.287232,1.365,624,20.0,84.8,850.2,60.0,62.0,3.330413773349191
504270,2021-11-23,174175,EN1,2140.0,-77,5.8,9,904300000,0.349184,1.392,352,19.4,90.5,849.6,1.0,2.0,3.330413773349191
518156,2021-11-24,179540,EN1,2140.0,-71,1.8,7,904300000,0.399616,1.402,1928,21.5,79.2,848.6,19.0,20.0,3.330413773349191
531961,2021-11-25,184553,EN1,2140.0,-73,4.8,7,905300000,0.194816,1.312,816,19.3,94.4,848.3,0.0,1.0,3.330413773349191
545469,2021-11-26,189609,EN1,2140.0,-71,6.8,10,905100000,0.370688,1.438,72,24.5,61.0,849.4,75.0,77.0,3.330413773349191
559521,2021-11-27,194584,EN1,2140.0,-71,6.0,7,903900000,0.123136,1.314,440,25.0,63.3,851.5,5.0,6.0,3.330413773349191
565771,2021-11-28,198222,EN1,2140.0,-74,6.2,9,904900000,0.308224,1.369,280,19.0,93.1,850.1,44.0,46.0,3.330413773349191
585529,2021-11-29,207641,EN1,2140.0,-71,6.0,7,904100000,0.194816,1.331,816,24.5,60.5,846.2,1.0,2.0,3.330413773349191
598165,2021-11-30,214050,EN1,2140.0,-71,5.5,7,904100000,0.261376,1.347,1184,20.8,88.7,850.1,4.0,5.0,3.330413773349191
604357,2021-12-01,216356,EN1,2140.0,-72,5.5,7,904500000,0.399616,1.396,1928,17.2,99.9,851.2,24.0,25.0,3.330413773349191
613551,2021-12-02,221573,EN1,2140.0,-73,6.0,9,904500000,0.267264,1.267,208,17.8,95.8,850.0,8.0,9.0,3.330413773349191
634278,2021-12-03,231101,EN1,2140.0,-73,7.5,9,904100000,0.267264,1.373,208,21.3,90.6,848.6,6.0,7.0,3.330413773349191
637617,2021-12-04,232392,EN1,2140.0,-71,5.8,8,904100000,0.287232,1.356,624,18.6,99.2,848.7,48.0,50.0,3.330413773349191
661497,2021-12-05,241851,EN1,2140.0,-73,7.5,9,904100000,0.205824,1.435,72,25.1,80.3,847.3,33.0,35.0,3.330413773349191
680886,2021-12-06,248846,EN1,2140.0,-72,7.2,10,903900000,0.370688,1.418,80,21.2,90.5,849.9,39.0,41.0,3.330413773349191
690859,2021-12-07,252402,EN1,2140.0,-68,7.2,7,904700000,0.261376,1.371,1184,0.0,0.0,846.0,17.0,18.0,3.330413773349191
708746,2021-12-08,258681,EN1,2140.0,-71,7.8,10,904700000,0.370688,1.43,72,24.0,69.3,847.3,23.0,24.0,3.330413773349191
723613,2021-12-09,264021,EN1,2140.0,-71,8.5,8,904500000,0.102912,1.447,72,26.9,53.8,846.2,43.0,45.0,3.330413773349191
736075,2021-12-10,269821,EN1,2140.0,-72,7.5,10,905300000,0.370688,1.422,80,25.5,49.8,845.1,20.0,21.0,3.330413773349191
748511,2021-12-11,274229,EN1,2140.0,-73,8.8,9,903900000,0.267264,1.393,208,29.6,44.7,848.7,54.0,56.0,3.330413773349191
757590,2021-12-12,277696,EN1,2140.0,-69,7.2,7,904100000,0.123136,1.291,440,0.0,0.0,848.8,4.0,5.0,3.330413773349191
784001,2021-12-13,287425,EN1,2140.0,-71,8.0,8,903900000,0.338432,1.379,808,21.9,60.0,848.3,35.0,37.0,3.330413773349191
793635,2021-12-14,290917,EN1,2140.0,-70,7.8,10,903900000,0.370688,1.43,80,23.1,59.1,851.5,1.0,2.0,3.330413773349191
802229,2021-12-15,294602,EN1,2140.0,-71,5.8,8,904300000,0.399872,1.397,992,20.0,90.0,849.9,12.0,13.0,3.330413773349191
824048,2021-12-16,304138,EN1,2140.0,-73,7.8,10,904700000,0.370688,1.421,80,24.2,65.0,845.4,46.0,48.0,3.330413773349191
828135,2021-12-17,306309,EN1,2140.0,-68,7.8,8,904900000,0.102912,1.418,72,0.0,0.0,847.6,16.0,17.0,3.330413773349191
839810,2021-12-18,312446,EN1,2140.0,-73,7.0,10,905100000,0.370688,1.411,80,18.2,94.3,849.1,5.0,6.0,3.330413773349191
855068,2021-12-19,320491,EN1,2140.0,-67,7.0,7,904100000,0.327936,1.39,1560,0.0,0.0,845.8,26.0,28.0,3.330413773349191
859054,2021-12-20,322628,EN1,2140.0,-71,6.0,7,903900000,0.399616,1.39,1928,0.0,0.0,849.5,29.0,31.0,3.330413773349191
867654,2021-12-21,330293,EN1,2140.0,-75,6.5,9,905300000,0.267264,1.369,208,20.5,88.6,850.9,0.0,0.0,3.330413773349191
880998,2021-12-22,335281,EN1,2140.0,-73,6.5,8,904700000,0.338432,1.374,808,19.0,91.4,850.6,22.0,23.0,3.330413773349191
901561,2021-12-23,341733,EN1,2140.0,-73,7.0,8,904100000,0.102912,1.452,72,24.5,62.4,852.6,9.0,10.0,3.330413773349191
926632,2021-12-24,349581,EN1,2140.0,-73,5.2,8,904300000,0.102912,1.431,72,23.3,90.4,848.5,37.0,39.0,3.330413773349191
937498,2021-12-25,352510,EN1,2140.0,-71,5.5,8,904300000,0.164352,1.311,256,19.1,99.9,850.7,34.0,36.0,3.330413773349191
954610,2021-12-26,357134,EN1,2140.0,-72,7.2,10,904500000,0.370688,1.43,80,0.0,0.0,849.3,2.0,3.0,3.330413773349191
216,2021-10-12,1049,EN2,3450.0,-80,1.0,9,904700000,0.390144,0.7,424,23.9,64.6,848.3,18.0,19.0,3.537819095073274
6376,2021-10-13,16757,EN2,3450.0,-79,-0.2,7,904500000,0.399616,0.718,1928,0.0,0.0,849.8,24.0,25.0,3.537819095073274
16259,2021-10-14,28643,EN2,3450.0,-80,0.5,8,904500000,0.399872,0.695,992,23.6,5.9,848.7,12.0,13.0,3.537819095073274
28556,2021-10-15,39902,EN2,3450.0,-82,-3.0,10,905300000,0.370688,1.482,80,31.7,16.0,848.0,11.0,12.0,3.537819095073274
39256,2021-10-16,51764,EN2,3450.0,-82,-0.5,7,903900000,0.327936,1.418,1560,21.7,95.7,850.3,39.0,41.0,3.537819095073274
46323,2021-10-17,58424,EN2,3450.0,-79,2.5,9,905100000,0.205824,3.007,72,0.0,0.0,853.3,16.0,17.0,3.537819095073274
51639,2021-10-18,64615,EN2,3450.0,-76,2.2,10,904700000,0.370688,1.48,80,0.0,0.0,851.6,20.0,21.0,3.537819095073274
71025,2021-10-19,83366,EN2,3450.0,-79,-0.2,10,904900000,0.370688,3.998,72,21.6,7.0,852.7,9.0,10.0,3.537819095073274
81003,2021-10-20,91641,EN2,3450.0,-83,-3.2,7,904300000,0.123136,1.266,440,21.9,1.0,851.6,7.0,8.0,3.537819095073274
86648,2021-10-21,97521,EN2,3450.0,-81,-1.0,9,903900000,0.349184,1.458,352,29.0,1.0,853.9,13.0,14.0,3.537819095073274
99291,2021-10-22,108974,EN2,3450.0,-78,-0.5,8,904700000,0.164352,1.366,256,29.4,1.0,849.6,8.0,9.0,3.537819095073274
107602,2021-10-23,115790,EN2,3450.0,-79,1.0,9,904900000,0.349184,1.118,352,19.5,84.0,851.4,22.0,23.0,3.537819095073274
126509,2021-10-24,132356,EN2,3450.0,-77,2.2,8,905100000,0.164352,1.005,256,20.6,1.0,853.0,8.0,9.0,3.537819095073274
129382,2021-10-25,137344,EN2,3450.0,-81,-1.8,7,904900000,0.194816,1.384,816,33.9,1.0,851.4,8.0,9.0,3.537819095073274
141834,2021-10-26,149256,EN2,3450.0,-83,-2.2,9,904500000,0.308224,1.421,280,27.0,99.9,847.8,7.0,8.0,3.537819095073274
152991,2021-10-27,159705,EN2,3450.0,-78,-0.5,10,905300000,0.370688,2.997,80,20.9,68.7,849.5,6.0,7.0,3.537819095073274
161701,2021-10-28,168194,EN2,3450.0,-80,-1.2,9,904700000,0.349184,1.456,352,31.8,99.9,851.0,16.0,17.0,3.537819095073274
176184,2021-10-29,181458,EN2,3450.0,-81,-2.0,8,904100000,0.102912,1.47,72,22.3,66.2,849.9,11.0,12.0,3.537819095073274
189422,2021-10-30,192459,EN2,3450.0,-83,-2.2,8,904100000,0.338432,1.417,808,19.5,88.6,852.8,9.0,10.0,3.537819095073274
196110,2021-10-31,198269,EN2,3450.0,-80,-0.5,8,905100000,0.164352,1.369,256,28.0,17.6,852.1,6.0,7.0,3.537819095073274
212669,2021-11-01,212692,EN2,3450.0,-82,-0.8,9,904300000,0.390144,1.443,424,19.8,74.0,852.8,11.0,12.0,3.537819095073274
225630,2021-11-02,222438,EN2,3450.0,-81,-1.0,8,904100000,0.287232,1.4,624,20.2,72.4,851.9,54.0,56.0,3.537819095073274
228605,2021-11-03,225135,EN2,3450.0,-81,-1.0,8,904700000,0.399872,1.44,992,19.7,90.7,851.4,22.0,23.0,3.537819095073274
242321,2021-11-04,31,EN2,3450.0,-78,3.0,7,903900000,0.194816,0.637,816,24.8,60.0,848.1,7.0,8.0,3.537819095073274
872097,2021-12-21,748,EN2,3450.0,-75,5.0,10,905100000,0.370688,0.711,80,24.8,66.9,847.7,17.0,18.0,3.537819095073274
888821,2021-12-22,1210,EN2,3450.0,-75,5.0,10,905100000,0.370688,0.587,80,26.3,55.6,849.3,8.0,9.0,3.537819095073274
909724,2021-12-23,7709,EN2,3450.0,-73,5.0,10,904500000,0.370688,0.592,72,23.0,77.9,851.6,12.0,13.0,3.537819095073274
915327,2021-12-24,9678,EN2,3450.0,-74,4.8,10,904900000,0.370688,0.585,80,20.9,88.9,851.1,10.0,11.0,3.537819095073274
952046,2021-12-25,19899,EN2,3450.0,-79,5.5,9,903900000,0.349184,0.567,352,22.9,81.0,851.4,13.0,14.0,3.537819095073274
953291,2021-12-26,20241,EN2,3450.0,-74,5.0,10,905100000,0.370688,0.583,80,22.9,78.3,850.7,13.0,14.0,3.537819095073274
974907,2021-12-27,27681,EN2,3450.0,-72,6.0,10,904500000,0.370688,0.583,80,20.9,99.9,852.5,21.0,22.0,3.537819095073274
985836,2021-12-28,33139,EN2,3450.0,-74,7.2,8,905300000,0.225792,0.487,440,20.5,94.6,851.7,18.0,19.0,3.537819095073274
996315,2021-12-29,37978,EN2,3450.0,-73,5.2,10,905100000,0.370688,0.589,80,0.0,0.0,850.1,13.0,14.0,3.537819095073274
1017089,2021-12-30,47065,EN2,3450.0,-75,5.5,9,903900000,0.267264,0.559,208,0.0,0.0,849.0,17.0,18.0,3.537819095073274
1025593,2021-12-31,50487,EN2,3450.0,-75,4.2,7,904300000,0.327936,0.564,1560,0.0,0.0,851.4,15.0,16.0,3.537819095073274
1044160,2022-01-01,57607,EN2,3450.0,-73,6.0,10,904100000,0.370688,0.619,80,0.0,0.0,847.3,14.0,15.0,3.537819095073274
1052238,2022-01-02,61199,EN2,3450.0,-75,6.0,9,905100000,0.205824,0.624,72,0.0,0.0,850.9,11.0,12.0,3.537819095073274
1063735,2022-01-03,65964,EN2,3450.0,-75,4.5,7,904700000,0.123136,0.387,440,0.0,0.0,851.6,17.0,18.0,3.537819095073274
1081627,2022-01-04,75304,EN2,3450.0,-74,4.5,7,905100000,0.399616,0.583,1928,0.0,0.0,847.8,10.0,11.0,3.537819095073274
1091174,2022-01-05,80627,EN2,3450.0,-74,3.5,7,905100000,0.056576,0.596,72,0.0,0.0,845.3,0.0,0.0,3.537819095073274
1095808,2022-01-06,83513,EN2,3450.0,-75,5.5,8,904900000,0.102912,0.61,72,0.0,0.0,848.8,24.0,25.0,3.537819095073274
1102876,2022-01-07,91549,EN2,3450.0,-74,3.5,7,905100000,0.194816,0.489,816,0.0,0.0,849.7,20.0,21.0,3.537819095073274
1110772,2022-01-08,95957,EN2,3450.0,-73,5.2,10,905100000,0.370688,0.618,72,0.0,0.0,854.0,21.0,22.0,3.537819095073274
1115590,2022-01-09,101321,EN2,3450.0,-74,4.2,8,904900000,0.102912,0.62,72,0.0,0.0,853.7,22.0,23.0,3.537819095073274
1120473,2022-01-10,109004,EN2,3450.0,-80,2.8,8,903900000,0.287232,0.554,624,0.0,0.0,849.0,12.0,13.0,3.537819095073274
1125543,2022-01-11,116058,EN2,3450.0,-75,5.0,8,904700000,0.164352,0.479,256,0.0,0.0,852.9,11.0,12.0,3.537819095073274
1129359,2022-01-12,121080,EN2,3450.0,-79,4.2,9,904900000,0.246784,0.544,144,0.0,0.0,850.8,6.0,7.0,3.537819095073274
1130940,2022-01-13,123597,EN2,3450.0,-79,3.8,8,903900000,0.338432,0.553,808,0.0,0.0,852.3,20.0,21.0,3.537819095073274
1135474,2022-01-14,129427,EN2,3450.0,-67,4.2,8,905300000,0.225792,0.499,440,0.0,0.0,853.0,20.0,21.0,3.537819095073274
1139039,2022-01-15,134449,EN2,3450.0,-77,3.5,9,904300000,0.267264,0.486,208,0.0,0.0,851.3,8.0,9.0,3.537819095073274
1147636,2022-01-16,143289,EN2,3450.0,-77,3.2,10,904100000,0.370688,0.602,80,0.0,0.0,848.7,14.0,15.0,3.537819095073274
1151304,2022-01-17,146501,EN2,3450.0,-77,2.5,10,905100000,0.370688,0.601,72,0.0,0.0,851.7,22.0,23.0,3.537819095073274
1164926,2022-01-18,155862,EN2,3450.0,-74,3.0,10,904900000,0.370688,0.597,80,0.0,0.0,851.8,13.0,14.0,3.537819095073274
1172494,2022-01-19,160443,EN2,3450.0,-78,2.8,9,903900000,0.349184,0.574,352,0.0,0.0,847.8,13.0,14.0,3.537819095073274
1180358,2022-01-20,167183,EN2,3450.0,-78,3.5,9,903900000,0.205824,0.626,72,0.0,0.0,850.8,18.0,19.0,3.537819095073274
1185455,2022-01-21,171601,EN2,3450.0,-80,3.2,9,904100000,0.246784,0.532,144,0.0,0.0,847.5,13.0,14.0,3.537819095073274
1190146,2022-01-22,174681,EN2,3450.0,-77,3.2,10,904700000,0.370688,0.598,80,0.0,0.0,850.8,29.0,31.0,3.537819095073274
1199384,2022-01-23,181802,EN2,3450.0,-76,3.2,9,904500000,0.267264,0.576,208,0.0,0.0,848.4,10.0,11.0,3.537819095073274
1203560,2022-01-24,185603,EN2,3450.0,-73,5.5,10,905100000,0.370688,0.596,80,0.0,0.0,848.3,17.0,18.0,3.537819095073274
1209776,2022-01-25,190338,EN2,3450.0,-77,3.0,8,904900000,0.102912,0.612,72,0.0,0.0,849.2,17.0,18.0,3.537819095073274
1224471,2022-01-26,201239,EN2,3450.0,-77,2.0,8,904300000,0.399872,0.583,992,21.6,90.7,851.2,15.0,16.0,3.537819095073274
1232583,2022-01-27,206545,EN2,3450.0,-75,5.2,9,904500000,0.246784,0.526,144,21.3,89.1,851.5,16.0,17.0,3.537819095073274
1237732,2022-01-28,210431,EN2,3450.0,-77,3.0,8,903900000,0.399872,0.577,992,30.4,32.7,848.7,12.0,13.0,3.537819095073274
1245135,2022-01-29,217438,EN2,3450.0,-79,2.5,8,903900000,0.338432,0.532,808,0.0,0.0,850.5,13.0,14.0,3.537819095073274
1253375,2022-01-30,223250,EN2,3450.0,-79,2.5,9,904300000,0.267264,0.545,208,22.7,69.9,851.3,19.0,20.0,3.537819095073274
1257429,2022-01-31,225522,EN2,3450.0,-74,3.8,8,905100000,0.102912,0.582,72,18.4,76.3,851.4,15.0,16.0,3.537819095073274
1261763,2022-02-01,231204,EN2,3450.0,-77,2.8,7,903900000,0.056576,0.608,72,0.0,0.0,850.6,0.0,0.0,3.537819095073274
1271923,2022-02-02,237666,EN2,3450.0,-75,4.2,8,904900000,0.102912,0.633,72,0.0,0.0,851.6,16.0,17.0,3.537819095073274
1281163,2022-02-03,243318,EN2,3450.0,-78,3.0,10,904700000,0.370688,0.629,72,0.0,0.0,851.7,18.0,19.0,3.537819095073274
1291151,2022-02-04,250428,EN2,3450.0,-80,1.5,7,903900000,0.056576,0.6,72,0.0,0.0,848.2,17.0,18.0,3.537819095073274
1298370,2022-02-05,255836,EN2,3450.0,-76,4.0,8,905300000,0.225792,0.509,440,0.0,0.0,848.8,25.0,27.0,3.537819095073274
1303201,2022-02-06,259051,EN2,3450.0,-74,5.2,8,904500000,0.164352,0.479,256,0.0,0.0,850.1,15.0,16.0,3.537819095073274
1312018,2022-02-07,265429,EN2,3450.0,-71,6.0,7,904700000,0.123136,0.457,440,0.0,0.0,851.3,12.0,13.0,3.537819095073274
1313742,2022-02-08,269619,EN2,3450.0,-77,6.5,9,903900000,0.308224,0.546,280,0.0,0.0,851.4,9.0,10.0,3.537819095073274
1325859,2022-02-09,277437,EN2,3450.0,-74,5.8,8,903900000,0.287232,0.554,624,0.0,0.0,852.3,22.0,23.0,3.537819095073274
1334859,2022-02-10,285972,EN2,3450.0,-74,4.0,7,904300000,0.056576,0.594,72,0.0,0.0,850.0,11.0,12.0,3.537819095073274
1336176,2022-02-11,287228,EN2,3450.0,-74,4.5,8,904300000,0.225792,0.501,440,0.0,0.0,848.7,17.0,18.0,3.537819095073274
1340379,2022-02-12,293982,EN2,3450.0,-74,5.5,10,904900000,0.370688,0.621,72,0.0,0.0,850.4,24.0,25.0,3.537819095073274
1349080,2022-02-13,6315,EN2,3450.0,-74,4.8,7,904900000,0.327936,0.547,1560,20.6,99.9,847.9,19.0,20.0,3.537819095073274
1357293,2022-02-14,13645,EN2,3450.0,-81,-2.2,9,904300000,0.267264,0.526,208,21.6,99.0,851.7,17.0,18.0,3.537819095073274
1358377,2022-02-15,15080,EN2,3450.0,-74,5.5,8,904100000,0.287232,0.52,624,19.8,99.9,850.3,34.0,36.0,3.537819095073274
1366250,2022-02-16,20317,EN2,3450.0,-77,3.8,9,904300000,0.267264,0.543,208,19.7,96.3,850.1,16.0,17.0,3.537819095073274
1374235,2022-02-17,25921,EN2,3450.0,-75,3.5,7,904900000,0.194816,0.473,816,20.4,97.9,850.1,26.0,28.0,3.537819095073274
1385830,2022-02-18,33278,EN2,3450.0,-79,3.5,9,904900000,0.308224,0.564,280,21.2,92.2,851.6,17.0,18.0,3.537819095073274
1398594,2022-02-19,40522,EN2,3450.0,-78,2.5,8,904300000,0.399872,0.558,992,18.9,99.9,848.7,14.0,15.0,3.537819095073274
1405721,2022-02-20,44655,EN2,3450.0,-77,5.5,9,904700000,0.349184,0.576,352,22.8,86.8,852.4,16.0,17.0,3.537819095073274
1415267,2022-02-21,51850,EN2,3450.0,-75,2.8,8,904300000,0.399872,0.577,992,20.9,99.9,848.3,18.0,19.0,3.537819095073274
1421844,2022-02-22,55822,EN2,3450.0,-78,3.8,10,903900000,0.370688,0.597,80,27.2,46.0,851.8,10.0,11.0,3.537819095073274
1436572,2022-02-23,64596,EN2,3450.0,-77,5.2,9,904900000,0.246784,0.526,144,21.1,97.9,851.0,64.0,66.0,3.537819095073274
1442288,2022-02-24,68748,EN2,3450.0,-79,4.5,9,904100000,0.246784,0.532,144,26.1,53.4,846.8,18.0,19.0,3.537819095073274
1445434,2022-02-25,71251,EN2,3450.0,-73,5.2,10,905100000,0.370688,0.582,80,20.3,97.3,849.6,41.0,43.0,3.537819095073274
1454376,2022-02-26,79272,EN2,3450.0,-78,1.5,7,905300000,0.123136,0.463,440,24.7,60.6,850.8,19.0,20.0,3.537819095073274
1465937,2022-02-27,86616,EN2,3450.0,-77,2.8,7,904700000,0.123136,0.443,440,20.9,99.9,850.8,11.0,12.0,3.537819095073274
1469961,2022-02-28,88756,EN2,3450.0,-75,4.0,7,904900000,0.399616,0.562,1928,18.7,99.9,850.7,17.0,18.0,3.537819095073274
1481996,2022-03-01,96033,EN2,3450.0,-75,4.0,8,904100000,0.338432,0.553,808,28.3,62.6,850.3,7.0,8.0,3.537819095073274
1492544,2022-03-02,103902,EN2,3450.0,-78,2.0,8,904300000,0.164352,0.466,256,20.9,99.9,852.0,22.0,23.0,3.537819095073274
1496019,2022-03-03,106456,EN2,3450.0,-75,3.8,9,905300000,0.390144,0.6,424,24.3,82.6,852.1,19.0,20.0,3.537819095073274
1503023,2022-03-04,113955,EN2,3450.0,-78,-0.2,7,904100000,0.327936,0.557,1560,24.7,77.8,848.3,13.0,14.0,3.537819095073274
1506503,2022-03-05,117839,EN2,3450.0,-80,0.2,7,904300000,0.056576,0.578,72,19.3,99.9,852.4,10.0,11.0,3.537819095073274
1513652,2022-03-06,126670,EN2,3450.0,-73,6.0,10,904500000,0.370688,0.58,80,19.3,99.9,852.0,23.0,24.0,3.537819095073274
1514693,2022-03-07,127740,EN2,3450.0,-74,6.8,9,905100000,0.246784,0.51,144,19.4,99.9,850.7,11.0,12.0,3.537819095073274
1519093,2022-03-08,133999,EN2,3450.0,-75,5.0,8,904100000,0.225792,0.502,440,19.0,99.9,849.6,5.0,6.0,3.537819095073274
211145,2021-11-01,2169,EN3,6100.0,-89,-9.0,10,904100000,0.370688,0.693,72,17.1,93.8,829.9,16.0,17.0,3.785329835010767
223980,2021-11-02,7090,EN3,6100.0,-96,-11.5,10,904700000,0.370688,1.429,72,18.5,90.4,826.1,0.0,1.0,3.785329835010767
237675,2021-11-03,14204,EN3,6100.0,-90,-9.8,10,904900000,0.370688,3.108,72,18.0,93.5,828.9,0.0,0.0,3.785329835010767
246053,2021-11-04,21100,EN3,6100.0,-94,-11.2,10,904700000,0.370688,1.133,72,0.0,0.0,829.0,0.0,0.0,3.785329835010767
248628,2021-11-05,22611,EN3,6100.0,-90,-9.2,10,904100000,0.370688,1.145,72,16.9,94.3,827.0,0.0,0.0,3.785329835010767
260679,2021-11-06,28997,EN3,6100.0,-94,-10.5,10,903900000,0.370688,1.424,72,17.1,87.1,828.5,0.0,0.0,3.785329835010767
282378,2021-11-07,37236,EN3,6100.0,-92,-11.5,10,904300000,0.370688,1.436,72,23.9,61.8,826.1,0.0,0.0,3.785329835010767
287368,2021-11-08,39070,EN3,6100.0,-93,-10.0,10,904500000,0.370688,1.43,72,18.3,88.3,828.7,0.0,0.0,3.785329835010767
312308,2021-11-09,50016,EN3,6100.0,-93,-9.8,10,904100000,0.370688,1.429,72,17.7,93.5,829.4,0.0,0.0,3.785329835010767
317783,2021-11-10,52005,EN3,6100.0,-92,-11.2,10,905100000,0.370688,1.428,72,18.4,92.0,828.6,0.0,0.0,3.785329835010767
328652,2021-11-11,55997,EN3,6100.0,-91,-11.0,10,905100000,0.370688,1.429,72,17.0,92.3,828.9,0.0,0.0,3.785329835010767
350518,2021-11-12,65847,EN3,6100.0,-98,-15.0,10,905100000,0.370688,1.426,72,21.2,73.1,825.9,0.0,0.0,3.785329835010767
354455,2021-11-13,67298,EN3,6100.0,-92,-12.5,10,905100000,0.370688,1.431,72,18.5,91.6,828.1,0.0,0.0,3.785329835010767
376620,2021-11-14,75321,EN3,6100.0,-91,-10.0,10,903900000,0.370688,1.431,72,20.4,78.7,829.2,0.0,0.0,3.785329835010767
385687,2021-11-15,78676,EN3,6100.0,-92,-10.8,10,904900000,0.370688,1.431,72,17.8,93.8,827.6,0.0,0.0,3.785329835010767
399941,2021-11-16,88301,EN3,6100.0,-91,-10.8,10,904500000,0.370688,1.436,72,22.6,69.7,824.9,0.0,0.0,3.785329835010767
412355,2021-11-17,94518,EN3,6100.0,-94,-11.2,10,904300000,0.370688,1.432,72,20.2,83.6,827.4,0.0,0.0,3.785329835010767
415703,2021-11-18,95780,EN3,6100.0,-94,-10.8,10,903900000,0.370688,1.432,72,17.5,88.7,827.8,0.0,0.0,3.785329835010767
433234,2021-11-19,102139,EN3,6100.0,-92,-10.8,10,903900000,0.370688,1.427,72,16.5,90.4,826.8,0.0,0.0,3.785329835010767
454915,2021-11-20,109909,EN3,6100.0,-94,-13.0,10,904500000,0.370688,1.451,72,27.3,53.5,826.2,0.0,0.0,3.785329835010767
464287,2021-11-21,113691,EN3,6100.0,-93,-13.2,10,904900000,0.370688,1.424,72,17.0,93.7,827.3,0.0,0.0,3.785329835010767
488554,2021-11-22,122435,EN3,6100.0,-96,-13.0,10,903900000,0.370688,1.43,72,18.6,91.3,826.0,0.0,0.0,3.785329835010767
500528,2021-11-23,126972,EN3,6100.0,-92,-11.8,10,904300000,0.370688,1.428,72,19.4,87.7,827.0,0.0,0.0,3.785329835010767
516084,2021-11-24,132889,EN3,6100.0,-93,-12.0,10,904900000,0.370688,1.429,72,19.7,87.3,826.9,0.0,0.0,3.785329835010767
522349,2021-11-25,135276,EN3,6100.0,-94,-10.8,10,904100000,0.370688,1.431,72,17.3,93.7,828.7,0.0,0.0,3.785329835010767
538788,2021-11-26,141088,EN3,6100.0,-93,-9.8,10,904700000,0.370688,1.426,72,17.0,93.8,827.6,0.0,0.0,3.785329835010767
558392,2021-11-27,148279,EN3,6100.0,-98,-14.5,10,903900000,0.370688,1.437,72,18.8,91.6,829.7,0.0,0.0,3.785329835010767
578712,2021-11-28,157458,EN3,6100.0,-99,-13.8,10,903900000,0.370688,1.434,72,19.1,92.7,827.8,0.0,0.0,3.785329835010767
583144,2021-11-29,160781,EN3,6100.0,-93,-11.8,10,905300000,0.370688,1.448,72,25.0,64.1,825.9,0.0,0.0,3.785329835010767
596272,2021-11-30,167389,EN3,6100.0,-95,-14.0,10,904700000,0.370688,1.385,72,21.2,79.1,825.9,0.0,0.0,3.785329835010767
603366,2021-12-01,170017,EN3,6100.0,-92,-11.8,10,904900000,0.370688,1.42,72,0.0,0.0,828.3,0.0,0.0,3.785329835010767
612073,2021-12-02,175069,EN3,6100.0,-92,-10.5,10,905300000,0.370688,1.424,72,16.9,96.0,828.2,0.0,0.0,3.785329835010767
626152,2021-12-03,182148,EN3,6100.0,-96,-13.5,10,904500000,0.370688,1.435,72,20.0,85.7,827.6,0.0,0.0,3.785329835010767
646038,2021-12-04,189634,EN3,6100.0,-95,-14.0,10,905300000,0.370688,1.443,72,25.7,65.4,824.6,0.0,0.0,3.785329835010767
655479,2021-12-05,193410,EN3,6100.0,-97,-14.2,10,904500000,0.370688,1.431,72,18.2,97.4,828.9,0.0,0.0,3.785329835010767
671168,2021-12-06,199372,EN3,6100.0,-94,-13.5,10,904300000,0.370688,1.39,72,19.6,92.1,829.8,0.0,0.0,3.785329835010767
684484,2021-12-07,204139,EN3,6100.0,-94,-11.5,10,905300000,0.370688,1.426,72,17.8,94.9,826.9,0.0,0.0,3.785329835010767
698293,2021-12-08,208962,EN3,6100.0,-90,-9.2,10,904500000,0.370688,1.435,72,18.9,95.8,827.0,0.0,0.0,3.785329835010767
720597,2021-12-09,216876,EN3,6100.0,-89,-9.2,10,904100000,0.370688,1.453,72,27.7,50.0,828.0,0.0,0.0,3.785329835010767
735471,2021-12-10,223528,EN3,6100.0,-93,-9.8,10,904100000,0.370688,1.448,72,25.8,46.8,823.8,0.0,0.0,3.785329835010767
751926,2021-12-11,229371,EN3,6100.0,-95,-13.8,10,905100000,0.370688,1.433,72,21.4,76.3,824.7,0.0,0.0,3.785329835010767
762061,2021-12-12,233188,EN3,6100.0,-95,-12.0,10,904500000,0.370688,1.433,72,17.8,91.3,829.3,0.0,0.0,3.785329835010767
783762,2021-12-13,241250,EN3,6100.0,-94,-12.8,10,905100000,0.370688,1.429,72,20.3,67.5,826.7,0.0,0.0,3.785329835010767
790125,2021-12-14,243577,EN3,6100.0,-92,-11.2,10,904900000,0.370688,1.428,72,16.7,95.8,827.6,0.0,0.0,3.785329835010767
806367,2021-12-15,248336,EN3,6100.0,-92,-10.5,10,904900000,0.370688,1.421,72,18.1,92.5,829.0,0.0,0.0,3.785329835010767
816033,2021-12-16,253412,EN3,6100.0,-94,-13.0,10,905100000,0.370688,1.425,72,0.0,0.0,826.0,0.0,0.0,3.785329835010767
876898,2021-12-21,1606,EN3,6100.0,-98,-15.0,10,904500000,0.370688,0.62,72,18.3,96.0,828.7,7.0,8.0,3.785329835010767
881488,2021-12-22,3435,EN3,6100.0,-95,-15.0,10,904300000,0.370688,0.617,72,17.1,98.5,829.1,10.0,11.0,3.785329835010767
900610,2021-12-23,9435,EN3,6100.0,-98,-14.8,10,904100000,0.370688,0.633,72,23.7,71.9,830.6,7.0,8.0,3.785329835010767
929390,2021-12-24,18298,EN3,6100.0,-96,-13.5,10,904300000,0.370688,0.638,72,19.8,91.8,829.2,15.0,16.0,3.785329835010767
940381,2021-12-25,21272,EN3,6100.0,-95,-12.0,10,904500000,0.370688,0.63,72,23.5,67.4,829.4,4.0,5.0,3.785329835010767
954013,2021-12-26,24974,EN3,6100.0,-93,-12.8,10,904900000,0.370688,0.633,72,18.8,95.9,827.6,7.0,8.0,3.785329835010767
974711,2021-12-27,32151,EN3,6100.0,-94,-13.5,10,903900000,0.370688,0.617,72,18.2,99.4,829.5,4.0,5.0,3.785329835010767
981041,2021-12-28,35998,EN3,6100.0,-96,-13.2,10,903900000,0.370688,0.616,72,17.3,96.4,827.8,7.0,8.0,3.785329835010767
1003356,2021-12-29,46087,EN3,6100.0,-94,-14.0,10,904900000,0.370688,0.624,72,19.1,96.3,828.2,16.0,17.0,3.785329835010767
1008342,2021-12-30,48118,EN3,6100.0,-94,-14.5,10,904100000,0.370688,0.617,72,17.1,97.5,827.4,7.0,8.0,3.785329835010767
1031634,2021-12-31,57522,EN3,6100.0,-98,-15.5,10,905100000,0.370688,0.621,72,20.3,91.5,826.5,15.0,16.0,3.785329835010767
1037463,2022-01-01,59600,EN3,6100.0,-93,-11.8,10,905300000,0.370688,0.618,72,17.8,99.9,826.5,13.0,14.0,3.785329835010767
1053261,2022-01-02,66348,EN3,6100.0,-92,-12.5,10,904500000,0.370688,0.621,72,18.9,98.4,829.8,8.0,9.0,3.785329835010767
1069718,2022-01-03,72956,EN3,6100.0,-94,-12.5,10,904100000,0.370688,0.638,72,27.9,50.7,828.5,14.0,15.0,3.785329835010767
1077025,2022-01-04,77170,EN3,6100.0,-96,-13.0,10,904500000,0.370688,0.613,72,15.1,87.2,828.2,8.0,9.0,3.785329835010767
1088855,2022-01-05,83900,EN3,6100.0,-96,-13.2,10,904700000,0.370688,0.64,72,27.7,45.2,826.9,5.0,6.0,3.785329835010767
1097370,2022-01-06,88963,EN3,6100.0,-97,-13.8,10,904700000,0.370688,0.621,72,18.1,96.2,827.9,14.0,15.0,3.785329835010767
1102725,2022-01-07,95587,EN3,6100.0,-92,-10.5,10,903900000,0.370688,0.627,72,22.4,73.2,827.8,10.0,11.0,3.785329835010767
1112041,2022-01-08,101273,EN3,6100.0,-95,-14.2,10,904900000,0.370688,0.653,72,25.7,64.9,829.2,7.0,8.0,3.785329835010767
1114743,2022-01-09,105345,EN3,6100.0,-96,-12.5,10,905300000,0.370688,0.618,72,16.6,99.9,829.4,16.0,17.0,3.785329835010767
1120930,2022-01-10,114209,EN3,6100.0,-97,-14.0,10,903900000,0.370688,0.618,72,18.1,93.8,828.2,9.0,10.0,3.785329835010767
1122215,2022-01-11,116257,EN3,6100.0,-98,-14.8,10,904100000,0.370688,0.619,72,16.0,99.9,827.7,10.0,11.0,3.785329835010767
1127949,2022-01-12,124218,EN3,6100.0,-100,-16.8,10,903900000,0.370688,0.652,72,25.2,55.8,826.6,7.0,8.0,3.785329835010767
1132727,2022-01-13,130393,EN3,6100.0,-95,-14.0,10,904700000,0.370688,0.594,72,22.3,74.1,826.7,8.0,9.0,3.785329835010767
1136197,2022-01-14,134414,EN3,6100.0,-98,-15.5,10,904900000,0.370688,0.622,72,17.9,99.1,830.4,9.0,10.0,3.785329835010767
1141763,2022-01-15,143174,EN3,6100.0,-97,-14.2,10,904500000,0.370688,0.621,72,18.4,99.1,830.3,11.0,12.0,3.785329835010767
1146887,2022-01-16,147415,EN3,6100.0,-98,-15.5,10,903900000,0.370688,0.65,72,26.0,53.8,825.6,9.0,10.0,3.785329835010767
1152193,2022-01-17,151741,EN3,6100.0,-96,-15.5,10,904900000,0.370688,0.624,72,21.2,86.6,829.6,12.0,13.0,3.785329835010767
1158992,2022-01-18,157381,EN3,6100.0,-96,-14.8,10,904700000,0.370688,0.602,72,23.0,71.4,829.5,10.0,11.0,3.785329835010767
1166331,2022-01-19,161108,EN3,6100.0,-98,-16.5,10,904900000,0.370688,0.637,72,17.3,99.9,827.5,13.0,14.0,3.785329835010767
1176899,2022-01-20,168712,EN3,6100.0,-98,-15.0,10,904700000,0.370688,0.635,72,28.3,60.0,828.2,5.0,6.0,3.785329835010767
1182441,2022-01-21,173752,EN3,6100.0,-99,-16.0,10,904700000,0.370688,0.622,72,18.5,94.5,828.5,12.0,13.0,3.785329835010767
1194777,2022-01-22,182878,EN3,6100.0,-97,-15.8,10,904300000,0.370688,0.64,72,19.2,98.0,828.1,12.0,13.0,3.785329835010767
1201457,2022-01-23,189061,EN3,6100.0,-94,-12.5,10,904500000,0.370688,0.638,72,19.0,97.7,827.2,12.0,13.0,3.785329835010767
1201738,2022-01-24,189228,EN3,6100.0,-96,-14.8,10,904900000,0.370688,0.618,72,18.6,99.3,826.7,13.0,14.0,3.785329835010767
1210965,2022-01-25,195605,EN3,6100.0,-96,-13.5,10,904300000,0.370688,0.654,72,17.5,99.9,825.8,14.0,15.0,3.785329835010767
1218111,2022-01-26,200594,EN3,6100.0,-96,-15.0,10,903900000,0.370688,0.621,72,17.9,99.9,827.9,17.0,18.0,3.785329835010767
1230353,2022-01-27,209580,EN3,6100.0,-96,-13.0,10,904700000,0.370688,0.635,72,26.0,63.6,826.5,9.0,10.0,3.785329835010767
1236070,2022-01-28,214111,EN3,6100.0,-97,-13.8,10,904500000,0.370688,0.645,72,25.8,58.5,829.5,11.0,12.0,3.785329835010767
1242282,2022-01-29,219867,EN3,6100.0,-98,-15.2,10,904300000,0.370688,0.697,72,26.1,52.7,830.0,119.0,122.0,3.785329835010767
1250302,2022-01-30,226124,EN3,6100.0,-95,-14.0,10,905100000,0.370688,0.658,72,27.7,42.9,828.0,9.0,10.0,3.785329835010767
1256833,2022-01-31,229834,EN3,6100.0,-92,-12.5,10,904300000,0.370688,0.633,72,14.6,89.9,827.7,10.0,11.0,3.785329835010767
1259660,2022-02-01,234654,EN3,6100.0,-96,-12.8,10,904700000,0.370688,0.619,72,16.8,94.7,828.0,10.0,11.0,3.785329835010767
1276233,2022-02-02,245204,EN3,6100.0,-96,-13.0,10,904700000,0.370688,0.62,72,19.6,87.0,827.5,14.0,15.0,3.785329835010767
1280887,2022-02-03,247803,EN3,6100.0,-92,-11.2,10,904700000,0.370688,0.627,72,22.2,75.2,828.9,13.0,14.0,3.785329835010767
1287174,2022-02-04,252073,EN3,6100.0,-96,-15.2,10,904500000,0.370688,0.62,72,18.3,97.7,827.8,16.0,17.0,3.785329835010767
1297315,2022-02-05,259625,EN3,6100.0,-99,-16.2,10,905300000,0.370688,0.631,72,22.9,79.4,829.6,16.0,17.0,3.785329835010767
1305002,2022-02-06,264779,EN3,6100.0,-97,-16.0,10,904100000,0.370688,0.623,72,19.5,86.0,828.8,9.0,10.0,3.785329835010767
1313497,2022-02-07,274083,EN3,6100.0,-96,-15.0,10,904100000,0.370688,0.591,72,17.6,99.9,828.8,9.0,10.0,3.785329835010767
1314508,2022-02-08,274797,EN3,6100.0,-98,-14.5,10,904500000,0.370688,0.617,72,16.8,99.9,827.4,10.0,11.0,3.785329835010767
1324782,2022-02-09,281452,EN3,6100.0,-96,-15.8,10,905100000,0.370688,0.633,72,16.7,99.9,827.8,14.0,15.0,3.785329835010767
1330779,2022-02-10,286539,EN3,6100.0,-100,-16.8,10,903900000,0.370688,0.627,72,16.0,99.9,826.7,24.0,25.0,3.785329835010767
1337679,2022-02-11,293101,EN3,6100.0,-96,-14.8,10,904100000,0.370688,0.696,72,21.0,81.8,827.8,94.0,96.0,3.785329835010767
1343887,2022-02-12,302514,EN3,6100.0,-97,-16.0,10,904300000,0.370688,0.702,72,18.8,96.7,827.0,53.0,55.0,3.785329835010767
1348555,2022-02-13,305680,EN3,6100.0,-96,-14.5,10,904500000,0.370688,0.598,72,26.0,63.5,826.3,100.0,102.0,3.785329835010767
1356180,2022-02-14,312377,EN3,6100.0,-98,-15.0,10,904700000,0.370688,0.641,72,20.0,93.5,826.1,8.0,9.0,3.785329835010767
1364487,2022-02-15,319495,EN3,6100.0,-98,-15.5,10,903900000,0.370688,0.615,72,17.8,99.9,828.5,14.0,15.0,3.785329835010767
1365909,2022-02-16,320299,EN3,6100.0,-94,-13.5,10,903900000,0.370688,0.0,72,16.7,99.9,827.1,13.0,14.0,3.785329835010767
1377383,2022-02-17,328000,EN3,6100.0,-98,-15.0,10,904700000,0.370688,0.637,72,26.7,63.0,828.1,10.0,11.0,3.785329835010767
1388114,2022-02-18,334679,EN3,6100.0,-93,-12.2,10,904700000,0.370688,0.638,72,17.3,99.9,826.8,7.0,8.0,3.785329835010767
1399345,2022-02-19,341090,EN3,6100.0,-94,-13.5,10,904500000,0.370688,0.621,72,17.7,97.4,827.0,7.0,8.0,3.785329835010767
1410115,2022-02-20,347206,EN3,6100.0,-90,-11.5,10,904300000,0.370688,0.638,72,16.8,98.7,829.0,7.0,8.0,3.785329835010767
1412754,2022-02-21,348653,EN3,6100.0,-82,-10.5,10,904300000,0.370688,0.587,72,15.4,96.9,827.4,8.0,9.0,3.785329835010767
1420424,2022-02-22,355150,EN3,6100.0,-93,-12.8,10,905300000,0.370688,0.636,72,16.7,99.6,827.8,13.0,14.0,3.785329835010767
1433375,2022-02-23,362858,EN3,6100.0,-96,-12.5,10,903900000,0.370688,0.634,72,27.2,59.3,824.9,12.0,13.0,3.785329835010767
1442083,2022-02-24,368767,EN3,6100.0,-94,-13.5,10,904100000,0.370688,0.646,72,24.5,60.6,824.8,27.0,29.0,3.785329835010767
1449617,2022-02-25,370422,EN3,6100.0,-97,-14.2,10,904500000,0.370688,0.636,72,18.3,96.1,829.0,21.0,22.0,3.785329835010767
1451248,2022-02-26,371363,EN3,6100.0,-98,-15.2,10,905300000,0.370688,0.621,72,17.6,96.4,827.7,23.0,24.0,3.785329835010767
1458733,2022-02-27,376297,EN3,6100.0,-96,-14.8,10,904500000,0.370688,0.621,72,17.2,99.9,828.7,15.0,16.0,3.785329835010767
1471488,2022-02-28,383864,EN3,6100.0,-95,-14.0,10,905100000,0.370688,0.636,72,18.2,99.9,829.9,14.0,15.0,3.785329835010767
1484926,2022-03-01,392688,EN3,6100.0,-97,-15.8,10,904700000,0.370688,0.619,72,18.3,99.9,828.6,8.0,9.0,3.785329835010767
1491449,2022-03-02,397457,EN3,6100.0,-98,-16.5,10,904100000,0.370688,0.618,72,19.7,95.3,826.4,8.0,9.0,3.785329835010767
1494879,2022-03-03,399672,EN3,6100.0,-96,-13.5,10,904700000,0.370688,0.634,72,16.7,99.9,827.5,6.0,7.0,3.785329835010767
18892,2021-10-14,1950,EN4,8260.0,-80,-1.0,7,904300000,0.399616,1.117,1928,0.0,0.0,845.0,0.0,1.0,3.9169800473203824
32456,2021-10-15,8435,EN4,8260.0,-80,-0.2,8,903900000,0.338432,1.093,808,0.0,0.0,846.3,0.0,1.0,3.9169800473203824
38337,2021-10-16,12485,EN4,8260.0,-81,-1.0,7,904100000,0.327936,1.099,1560,0.0,0.0,842.8,0.0,1.0,3.9169800473203824
45151,2021-10-17,16351,EN4,8260.0,-80,-1.2,8,904700000,0.102912,1.164,72,0.0,0.0,848.7,0.0,1.0,3.9169800473203824
54625,2021-10-18,22110,EN4,8260.0,-82,-2.0,7,905300000,0.399616,1.132,1928,0.0,0.0,847.9,0.0,1.0,3.9169800473203824
69845,2021-10-19,1540,EN4,8260.0,-78,-0.2,10,905100000,0.370688,0.582,80,22.3,86.8,845.9,0.0,1.0,3.9169800473203824
76757,2021-10-20,5129,EN4,8260.0,-83,-2.2,8,905300000,0.399872,0.589,992,25.5,56.0,847.9,0.0,1.0,3.9169800473203824
88364,2021-10-21,11133,EN4,8260.0,-84,-3.2,9,904900000,0.308224,0.548,280,33.8,34.6,844.7,0.0,0.0,3.9169800473203824
100578,2021-10-22,17459,EN4,8260.0,-84,-4.5,7,904300000,0.399616,0.562,1928,0.0,0.0,843.7,0.0,1.0,3.9169800473203824
112297,2021-10-23,23099,EN4,8260.0,-82,-1.5,7,904700000,0.399616,0.565,1928,0.0,0.0,844.0,0.0,1.0,3.9169800473203824
116311,2021-10-24,25277,EN4,8260.0,-78,-0.5,10,904900000,0.370688,0.585,80,0.0,0.0,846.4,0.0,1.0,3.9169800473203824
130238,2021-10-25,34051,EN4,8260.0,-82,-2.2,9,905100000,0.205824,0.615,72,31.5,37.0,843.2,0.0,1.0,3.9169800473203824
136052,2021-10-26,36920,EN4,8260.0,-80,-1.0,7,904300000,0.123136,0.453,440,18.6,93.8,845.9,0.0,1.0,3.9169800473203824
147746,2021-10-27,43175,EN4,8260.0,-80,-0.2,9,905100000,0.349184,0.569,352,16.5,96.1,845.7,0.0,1.0,3.9169800473203824
161751,2021-10-28,50557,EN4,8260.0,-83,-2.0,8,903900000,0.102912,0.61,72,28.8,46.7,845.1,0.0,1.0,3.9169800473203824
173378,2021-10-29,56574,EN4,8260.0,-82,-1.5,10,905100000,0.370688,0.607,80,25.0,63.6,844.8,0.0,1.0,3.9169800473203824
182984,2021-10-30,61303,EN4,8260.0,-78,-0.5,10,904900000,0.370688,0.601,80,23.0,71.4,847.1,0.0,1.0,3.9169800473203824
201032,2021-10-31,69791,EN4,8260.0,-82,-1.0,9,904700000,0.308224,0.546,280,17.3,95.5,847.5,0.0,1.0,3.9169800473203824
206604,2021-11-01,73876,EN4,8260.0,-89,-8.0,10,904700000,0.370688,0.584,80,23.8,69.1,843.4,0.0,1.0,3.9169800473203824
216611,2021-11-02,77530,EN4,8260.0,-80,-1.0,7,904300000,0.194816,0.466,816,16.6,94.9,845.8,0.0,1.0,3.9169800473203824
238175,2021-11-03,86916,EN4,8260.0,-80,-0.5,7,904700000,0.327936,0.532,1560,18.8,91.5,846.2,0.0,1.0,3.9169800473203824
241406,2021-11-04,89315,EN4,8260.0,-82,-2.0,7,904100000,0.261376,0.517,1184,19.8,87.8,847.0,0.0,1.0,3.9169800473203824
248820,2021-11-05,94289,EN4,8260.0,-82,-1.0,8,905300000,0.287232,0.529,624,18.2,94.5,844.3,0.0,1.0,3.9169800473203824
263992,2021-11-06,101458,EN4,8260.0,-82,-2.2,7,904700000,0.194816,0.482,816,26.3,53.1,845.5,0.0,1.0,3.9169800473203824
280399,2021-11-07,107781,EN4,8260.0,-80,0.5,9,904100000,0.246784,0.54,144,28.3,45.5,842.9,0.0,1.0,3.9169800473203824
296945,2021-11-08,113919,EN4,8260.0,-85,-6.8,8,904300000,0.164352,0.484,256,24.7,58.8,842.1,0.0,1.0,3.9169800473203824
309564,2021-11-09,120259,EN4,8260.0,-80,0.2,8,904900000,0.399872,0.563,992,18.1,99.9,844.4,0.0,1.0,3.9169800473203824
321178,2021-11-10,124476,EN4,8260.0,-79,0.2,7,905100000,0.327936,0.541,1560,26.8,60.5,843.9,0.0,1.0,3.9169800473203824
335783,2021-11-11,131569,EN4,8260.0,-92,-12.0,9,904900000,0.390144,0.574,424,22.5,67.9,843.2,0.0,1.0,3.9169800473203824
347029,2021-11-12,135867,EN4,8260.0,-80,-0.5,10,904500000,0.370688,0.612,80,27.6,48.5,843.6,0.0,1.0,3.9169800473203824
362467,2021-11-13,141549,EN4,8260.0,-80,-0.5,9,905100000,0.246784,0.521,144,26.1,51.9,842.6,0.0,1.0,3.9169800473203824
383573,2021-11-14,149163,EN4,8260.0,-82,-3.2,10,905100000,0.370688,0.578,80,19.9,96.0,844.8,0.0,1.0,3.9169800473203824
387267,2021-11-15,150569,EN4,8260.0,-86,-4.8,8,904300000,0.287232,0.519,624,18.9,97.2,843.6,0.0,1.0,3.9169800473203824
394663,2021-11-16,155590,EN4,8260.0,-82,-1.8,9,904300000,0.267264,0.541,208,18.6,98.3,844.9,0.0,1.0,3.9169800473203824
403662,2021-11-17,162743,EN4,8260.0,-80,0.5,9,905100000,0.308224,0.547,280,17.6,98.1,844.8,0.0,1.0,3.9169800473203824
428234,2021-11-18,171741,EN4,8260.0,-79,-0.8,9,904500000,0.246784,0.524,144,20.9,78.6,844.4,0.0,1.0,3.9169800473203824
442573,2021-11-19,176873,EN4,8260.0,-83,-1.8,8,905300000,0.287232,0.534,624,22.2,66.0,842.7,0.0,1.0,3.9169800473203824
453213,2021-11-20,180722,EN4,8260.0,-82,-1.5,10,903900000,0.370688,0.597,72,23.2,67.9,845.2,0.0,1.0,3.9169800473203824
464121,2021-11-21,185102,EN4,8260.0,-83,-3.0,8,904500000,0.102912,0.596,72,17.0,99.9,844.5,0.0,1.0,3.9169800473203824
485516,2021-11-22,192856,EN4,8260.0,-87,-4.0,8,903900000,0.225792,0.501,440,20.2,95.6,844.1,0.0,1.0,3.9169800473203824
504316,2021-11-23,199817,EN4,8260.0,-82,-2.5,8,905300000,0.287232,0.515,624,18.7,99.9,844.7,0.0,1.0,3.9169800473203824
516476,2021-11-24,204566,EN4,8260.0,-81,-0.2,8,904700000,0.102912,0.606,72,23.4,77.8,843.2,0.0,1.0,3.9169800473203824
531102,2021-11-25,209909,EN4,8260.0,-86,-5.2,10,904500000,0.370688,0.579,80,17.9,99.9,843.8,0.0,1.0,3.9169800473203824
539837,2021-11-26,213022,EN4,8260.0,-82,-2.0,9,904500000,0.267264,0.539,208,17.2,99.9,844.2,0.0,1.0,3.9169800473203824
557924,2021-11-27,219704,EN4,8260.0,-79,0.2,7,905300000,0.056576,0.58,72,19.4,99.9,846.4,0.0,0.0,3.9169800473203824
570021,2021-11-28,225447,EN4,8260.0,-81,-2.0,8,903900000,0.164352,0.478,256,20.6,95.3,845.7,0.0,1.0,3.9169800473203824
579520,2021-11-29,229393,EN4,8260.0,-81,-0.8,9,904300000,0.390144,0.574,424,19.9,99.9,844.6,0.0,1.0,3.9169800473203824
600410,2021-11-30,240626,EN4,8260.0,-85,-4.2,10,905300000,0.370688,37.572,80,17.0,99.9,846.7,179.4,157.7,3.9169800473203824
608272,2021-12-01,243514,EN4,8260.0,-79,0.8,7,904700000,0.194816,0.485,816,28.2,57.3,845.1,0.0,1.0,3.9169800473203824
616093,2021-12-02,248216,EN4,8260.0,-80,-1.8,7,905100000,0.056576,0.604,72,21.9,92.3,846.7,0.0,1.0,3.9169800473203824
632834,2021-12-03,256298,EN4,8260.0,-80,-1.2,10,905100000,0.370688,0.592,72,22.9,92.3,841.6,0.0,1.0,3.9169800473203824
640633,2021-12-04,259220,EN4,8260.0,-84,-3.5,9,904900000,0.205824,0.596,72,0.0,0.0,844.4,0.0,1.0,3.9169800473203824
654755,2021-12-05,264860,EN4,8260.0,-84,-3.2,9,904100000,0.205824,0.61,72,18.6,99.9,844.6,0.0,1.0,3.9169800473203824
673364,2021-12-06,271944,EN4,8260.0,-85,-4.2,9,904700000,0.349184,0.59,352,0.0,0.0,844.4,0.0,1.0,3.9169800473203824
688140,2021-12-07,277203,EN4,8260.0,-86,-4.8,10,904100000,0.370688,0.594,80,26.4,64.3,844.7,0.0,1.0,3.9169800473203824
705728,2021-12-08,283414,EN4,8260.0,-84,-4.2,9,904900000,0.267264,0.545,208,29.6,56.4,843.7,0.0,1.0,3.9169800473203824
721954,2021-12-09,289216,EN4,8260.0,-86,-4.5,8,904500000,0.225792,0.501,440,0.0,0.0,842.8,0.0,1.0,3.9169800473203824
727543,2021-12-10,292617,EN4,8260.0,-86,-5.0,7,904300000,0.123136,0.436,440,17.5,99.9,843.3,0.0,1.0,3.9169800473203824
741589,2021-12-11,297587,EN4,8260.0,-84,-3.2,7,903900000,0.261376,0.518,1184,19.9,99.9,843.4,0.0,1.0,3.9169800473203824
760913,2021-12-12,304694,EN4,8260.0,-82,-2.0,7,904300000,0.327936,0.531,1560,18.6,99.9,844.9,0.0,1.0,3.9169800473203824
775726,2021-12-13,310299,EN4,8260.0,-82,-1.2,9,904700000,0.390144,0.568,424,14.4,99.9,846.1,0.0,1.0,3.9169800473203824
797989,2021-12-14,318667,EN4,8260.0,-86,-4.8,8,904500000,0.287232,0.519,624,23.3,88.2,842.6,0.0,1.0,3.9169800473203824
805561,2021-12-15,321641,EN4,8260.0,-81,-1.2,8,904500000,0.164352,0.464,256,18.8,99.9,844.9,0.0,1.0,3.9169800473203824
819219,2021-12-16,328132,EN4,8260.0,-82,-2.2,10,904500000,0.370688,0.594,72,22.4,91.0,844.4,0.0,1.0,3.9169800473203824
832716,2021-12-17,334571,EN4,8260.0,-81,-3.0,7,904100000,0.123136,0.447,440,25.0,76.4,842.6,0.0,1.0,3.9169800473203824
840423,2021-12-18,338684,EN4,8260.0,-78,-0.2,8,904500000,0.338432,0.534,808,17.2,99.9,844.9,0.0,1.0,3.9169800473203824
857278,2021-12-19,347548,EN4,8260.0,-87,-6.2,9,903900000,0.349184,0.559,352,20.3,99.9,844.1,0.0,1.0,3.9169800473203824
859049,2021-12-20,348527,EN4,8260.0,-76,-1.5,8,904700000,0.399872,0.569,992,19.5,99.9,844.7,0.0,1.0,3.9169800473203824
866373,2021-12-21,355492,EN4,8260.0,-79,-0.8,9,904100000,0.349184,0.556,352,18.4,99.9,844.2,0.0,1.0,3.9169800473203824
885132,2021-12-22,362662,EN4,8260.0,-82,-2.5,8,904100000,0.338432,0.571,808,27.2,57.5,845.0,0.0,1.0,3.9169800473203824
906763,2021-12-23,369302,EN4,8260.0,-82,-2.5,7,904900000,0.194816,0.474,816,24.9,75.8,842.7,0.0,1.0,3.9169800473203824
916080,2021-12-24,372410,EN4,8260.0,-80,-1.8,9,904500000,0.267264,0.525,208,19.0,99.9,845.6,0.0,1.0,3.9169800473203824
937240,2021-12-25,378395,EN4,8260.0,-82,-2.2,10,905300000,0.370688,0.578,80,18.4,99.9,845.5,0.0,1.0,3.9169800473203824
966241,2021-12-26,387137,EN4,8260.0,-83,-3.2,7,904900000,0.261376,0.514,1184,17.8,99.9,844.9,0.0,1.0,3.9169800473203824
978215,2021-12-27,391481,EN4,8260.0,-83,-2.8,7,904700000,0.261376,0.507,1184,23.1,91.4,843.5,0.0,1.0,3.9169800473203824
988259,2021-12-28,396544,EN4,8260.0,-82,-3.0,7,904300000,0.194816,0.494,816,25.1,77.6,844.9,0.0,1.0,3.9169800473203824
1005164,2021-12-29,404706,EN4,8260.0,-82,-3.2,7,905300000,0.327936,0.533,1560,19.1,99.9,846.8,0.0,0.0,3.9169800473203824
1012422,2021-12-30,407570,EN4,8260.0,-85,-4.2,9,904100000,0.205824,0.604,72,23.5,92.4,846.7,0.0,1.0,3.9169800473203824
1031723,2021-12-31,415535,EN4,8260.0,-83,-2.2,8,903900000,0.102912,0.599,72,22.0,99.9,843.3,0.0,1.0,3.9169800473203824
1048587,2022-01-01,421811,EN4,8260.0,-82,-1.5,10,904300000,0.370688,0.591,72,20.9,99.9,845.3,0.0,1.0,3.9169800473203824
1060347,2022-01-02,427268,EN4,8260.0,-81,-2.0,7,904500000,0.261376,0.518,1184,18.2,99.9,846.7,0.0,1.0,3.9169800473203824
1070733,2022-01-03,431413,EN4,8260.0,-82,-2.0,10,904500000,0.370688,0.606,80,26.8,55.3,843.1,0.0,1.0,3.9169800473203824
1154620,2022-01-17,433152,EN4,8260.0,-80,-2.5,7,904300000,0.327936,0.535,1560,20.3,99.9,845.9,0.0,1.0,3.9169800473203824
1158587,2022-01-18,435702,EN4,8260.0,-81,-1.0,8,904100000,0.338432,0.542,808,21.1,99.9,846.9,0.0,1.0,3.9169800473203824
1169263,2022-01-19,440983,EN4,8260.0,-80,-0.5,8,904100000,0.399872,0.567,992,18.1,99.9,845.4,0.0,1.0,3.9169800473203824
